{
    "left": {
        "0.14035866484124893": 1.4849999999999939,
        "0.15248728413969598": 1.5150000000000061,
        "0.2045412838437294": 1.479999999999994,
        "0.2223794343866387": 1.520000000000006,
        "0.2376537840200938": 1.474999999999994,
        "0.2558844444931069": 1.525000000000006,
        "0.3005182425891548": 1.4699999999999942,
        "0.308969825804234": 1.5300000000000058,
        "0.3567226780535061": 1.4649999999999943,
        "0.36606514213369473": 1.5350000000000057,
        "0.4025216796486961": 1.4599999999999944,
        "0.4145435787290531": 1.5400000000000056,
        "0.4791648325758885": 1.5450000000000055,
        "0.5061344148892244": 1.4549999999999945,
        "0.5359897764227877": 1.5500000000000054,
        "0.5554675002993756": 1.4499999999999946,
        "0.5695946022727034": 1.5550000000000053,
        "0.6010027379902817": 1.4449999999999947,
        "0.6144684767376318": 1.5600000000000052,
        "0.6440835669520293": 1.4399999999999948,
        "0.6526471488481215": 1.565000000000005,
        "0.6861816018752104": 1.570000000000005,
        "0.6919123998350917": 1.434999999999995,
        "0.7047528628259876": 1.429999999999995,
        "0.7187741840399929": 1.5750000000000048,
        "0.7341586498482483": 1.4249999999999952,
        "0.7354724682564954": 1.5800000000000047,
        "0.7558015318057708": 1.5850000000000046,
        "0.765182376818177": 1.4199999999999953,
        "0.7707805238889607": 1.4149999999999954,
        "0.7761099836862957": 1.5900000000000045,
        "0.7809237682095868": 1.5950000000000044,
        "0.7834445443862614": 1.4099999999999955,
        "0.7965133479418697": 1.2,
        "0.8060677441951972": 1.610000000000004,
        "0.807426933197973": 1.4049999999999956,
        "0.8085279690189182": 1.6050000000000042,
        "0.812312799549485": 1.6000000000000043,
        "0.8123206107954406": 1.3999999999999957,
        "0.8155444283515333": 1.615000000000004,
        "0.8183815806916801": 1.3949999999999958,
        "0.8214518015614589": 1.389999999999996,
        "0.8216547621368487": 1.384999999999996,
        "0.8259842109875418": 1.6250000000000038,
        "0.8262313771322433": 1.3799999999999961,
        "0.8267508125246137": 1.6400000000000035,
        "0.8296735063169127": 1.6200000000000039,
        "0.8319056962245701": 1.3549999999999967,
        "0.8341267704837094": 1.3699999999999963,
        "0.8347409725380601": 1.6300000000000037,
        "0.835158047674654": 1.3749999999999962,
        "0.8364782466958168": 1.3649999999999964,
        "0.8387137154631983": 1.7150000000000019,
        "0.8405037638057611": 1.7950000000000002,
        "0.8406766154627183": 1.6500000000000032,
        "0.8411178458034204": 1.7900000000000003,
        "0.8428055940956651": 1.6350000000000036,
        "0.8432149621326108": 1.3599999999999965,
        "0.8444369936449286": 1.6450000000000033,
        "0.8447472154741951": 1.2799999999999983,
        "0.8451262502512142": 1.7200000000000017,
        "0.8456180181068932": 1.2649999999999986,
        "0.8456301442283009": 1.3099999999999976,
        "0.8465377440115539": 1.249999999999999,
        "0.84675432390342": 1.289999999999998,
        "0.8467688584011794": 1.3249999999999973,
        "0.8470205905178986": 1.6700000000000028,
        "0.8470417519106881": 1.2599999999999987,
        "0.8472635262619181": 1.2749999999999984,
        "0.8475555585432314": 1.6550000000000031,
        "0.8476178613568092": 1.7450000000000012,
        "0.847619759549012": 1.6850000000000025,
        "0.8479371420309189": 1.2199999999999995,
        "0.8482315064999668": 1.7000000000000022,
        "0.8483170762966706": 1.3199999999999974,
        "0.8485369266081296": 1.7750000000000006,
        "0.8485561511154367": 1.3049999999999977,
        "0.8486060961238462": 1.244999999999999,
        "0.8487626182903971": 1.7800000000000005,
        "0.8490632402557269": 1.7350000000000014,
        "0.8491125486988661": 1.2249999999999994,
        "0.8494615788628973": 1.2349999999999992,
        "0.8499772805201713": 1.750000000000001,
        "0.8503191205102125": 1.6900000000000024,
        "0.8503764599185031": 1.2149999999999996,
        "0.8504575405016338": 1.705000000000002,
        "0.8505026552072714": 1.2299999999999993,
        "0.8505103324941287": 1.2849999999999981,
        "0.8506214098287419": 1.2699999999999985,
        "0.8508961570596101": 1.239999999999999,
        "0.851028199854375": 1.760000000000001,
        "0.8515489008887014": 1.2049999999999998,
        "0.8517673572466815": 1.6750000000000027,
        "0.852126490523258": 1.2099999999999997,
        "0.8524029951218821": 1.2549999999999988,
        "0.8527485171509639": 1.7850000000000004,
        "0.8529033849501323": 1.294999999999998,
        "0.85304427390271": 1.660000000000003,
        "0.8531216882306077": 1.7700000000000007,
        "0.8542223976794112": 1.7400000000000013,
        "0.8543057754128099": 1.2999999999999978,
        "0.8546332386815875": 1.755000000000001,
        "0.8559935995627701": 1.710000000000002,
        "0.857184038436541": 1.6950000000000023,
        "0.8635662981289507": 1.3499999999999968,
        "0.8670988836087383": 1.3449999999999969,
        "0.8672430674135011": 1.339999999999997,
        "0.8673897105068544": 1.334999999999997,
        "0.8677763208339663": 1.7650000000000008,
        "0.8689642115140584": 1.8,
        "0.8703868588915704": 1.7250000000000016,
        "0.871444438677958": 1.6800000000000026,
        "0.8747881643208928": 1.3299999999999972,
        "0.8831424037027548": 1.7300000000000015,
        "0.8843471945788884": 1.665000000000003,
        "0.8942855455685926": 1.3149999999999975
    },
    "right": {
        "0.141224264453029": 1.5150000000000061,
        "0.14310592418899065": 1.4849999999999939,
        "0.1998033327313909": 1.520000000000006,
        "0.2071392770761288": 1.525000000000006,
        "0.21057596991024682": 1.479999999999994,
        "0.2407448306137619": 1.474999999999994,
        "0.27712796099472503": 1.5300000000000058,
        "0.2965257423664132": 1.4699999999999942,
        "0.336290758790277": 1.5350000000000057,
        "0.34937042092942644": 1.4649999999999943,
        "0.3901279284994667": 1.5400000000000056,
        "0.4054870945273981": 1.4599999999999944,
        "0.45029139231932974": 1.4549999999999945,
        "0.47872527547342364": 1.5450000000000055,
        "0.5104522306911979": 1.4499999999999946,
        "0.541199997826779": 1.5500000000000054,
        "0.5488646390701103": 1.4449999999999947,
        "0.5970139057298045": 1.5550000000000053,
        "0.5975911336978804": 1.4399999999999948,
        "0.6248407044725652": 1.5600000000000052,
        "0.6511932193209649": 1.434999999999995,
        "0.6528868220058393": 1.429999999999995,
        "0.6663013992599708": 1.565000000000005,
        "0.6964933929773847": 1.570000000000005,
        "0.6979615986765034": 1.4249999999999952,
        "0.718244676262948": 1.5750000000000048,
        "0.7253125264257679": 1.4199999999999953,
        "0.74438283232186": 1.5800000000000047,
        "0.7478845403231317": 1.4149999999999954,
        "0.757164659364862": 1.2,
        "0.7618757630475732": 1.5850000000000046,
        "0.7629163733474312": 1.4099999999999955,
        "0.7675654440014716": 1.5900000000000045,
        "0.7883979058538445": 1.4049999999999956,
        "0.7946673647494149": 1.3999999999999957,
        "0.7963090190076995": 1.5950000000000044,
        "0.7997800687589088": 1.6000000000000043,
        "0.8011326720834397": 1.3949999999999958,
        "0.8053232513228471": 1.6050000000000042,
        "0.8150874880053216": 1.389999999999996,
        "0.8155393522876228": 1.610000000000004,
        "0.8227912445184025": 1.384999999999996,
        "0.8248199299058158": 1.3799999999999961,
        "0.8251531072852247": 1.6200000000000039,
        "0.8258170581663515": 1.615000000000004,